{
  "dataset": "FLCHAIN",
  "n_total": 6524,
  "n_train": 4566,
  "n_val": 979,
  "n_test": 979,
  "p": 8,
  "event_rate": 0.30073574494175354,
  "mnshe_train_c": 0.8008428853388918,
  "mnshe_test_c": 0.7903469748916674,
  "mnshe_ibs": 0.10019012932774884,
  "cox_c": 0.7878942442884198,
  "cox_ibs": 0.1006542280577108,
  "ds_c": 0.7899699729002098,
  "ds_ibs": 0.0998863561776452,
  "rsf_c": 0.7812944917791389,
  "rsf_ibs": 0.10283635083028646,
  "H_violations": 0,
  "best_epoch": 90
}