{
  "dataset": "GBSG",
  "n_total": 2232,
  "n_train": 1562,
  "n_val": 335,
  "n_test": 335,
  "p": 7,
  "event_rate": 0.567652329749104,
  "mnshe_train_c": 0.6991064231517339,
  "mnshe_test_c": 0.6865840441072523,
  "mnshe_ibs": 0.17560397878744716,
  "cox_c": 0.6550586683002686,
  "cox_ibs": 0.1818301673232946,
  "ds_c": 0.6771358559917063,
  "ds_ibs": 0.18143591731593,
  "rsf_c": 0.663328778097168,
  "rsf_ibs": 0.18698280860998104,
  "H_violations": 0,
  "best_epoch": 129
}