{
  "dataset": "GBSG",
  "n_total": 2232,
  "n_train": 1562,
  "n_val": 335,
  "n_test": 335,
  "p": 7,
  "event_rate": 0.567652329749104,
  "mnshe_train_c": 0.694910149473426,
  "mnshe_test_c": 0.6892229395410207,
  "mnshe_ibs": 0.17443611364939468,
  "cox_c": 0.6550586683002686,
  "cox_ibs": 0.1818301673232946,
  "ds_c": 0.6307666933697752,
  "ds_ibs": 0.2093422813541113,
  "H_violations": 0,
  "best_epoch": 94
}